category,award_year,name,qid,wd_match,wd_match_score,wd_label,wd_scopus_ids,wd_orcid,wd_openalex,wd_awards,openalex_id,openalex_source,openalex_scopus_id,papers_checked,evidence,scopus_id,scopus_id_all,source,confidence,scopus_url
Physiology or Medicine,2000,Arvid Carlsson,Q298045,award,2.0,Arvid Carlsson,,,,Nobel Prize in Physiology or Medicine,A5110564232,name,,0,,,,,not searched,
Physiology or Medicine,2000,Paul Greengard,Q309979,award,2.0,Paul Greengard,,0000-0002-4437-0893,,Nobel Prize in Physiology or Medicine,A5052825834,orcid,,0,,,,,not searched,
Physiology or Medicine,2000,Eric Richard Kandel,Q155529,award,3.0,Eric Kandel,7102435048,0000-0001-7851-6902,,Nobel Prize in Physiology or Medicine,,,,0,,7102435048,7102435048,wikidata,high,https://www.scopus.com/authid/detail.uri?authorId=7102435048
Physiology or Medicine,2001,Leland Harrison Lee Hartwell,Q295869,award,3.0,Lee Hartwell,,,,Nobel Prize in Physiology or Medicine,A5091310544,name,,0,,,,,not searched,
Physiology or Medicine,2001,Paul Maxime Nurse,Q219716,award,3.0,Paul Nurse,7101733795,0000-0002-9244-7787,,Nobel Prize in Physiology or Medicine,,,,0,,7101733795,7101733795,wikidata,high,https://www.scopus.com/authid/detail.uri?authorId=7101733795
Physiology or Medicine,2001,Richard Timothy Hunt,Q309977,award,3.0,Tim Hunt,7202158734,0000-0001-5174-6038,,Nobel Prize in Physiology or Medicine,,,,0,,7202158734,7202158734,wikidata,high,https://www.scopus.com/authid/detail.uri?authorId=7202158734
Physiology or Medicine,2002,John Edward Sulston,Q271532,award,3.0,John Sulston,25946678700,,,Nobel Prize in Physiology or Medicine,,,,0,,25946678700,25946678700,wikidata,high,https://www.scopus.com/authid/detail.uri?authorId=25946678700
Physiology or Medicine,2002,Howard Robert Horvitz,Q295659,award,3.0,H. Robert Horvitz,7007006983,0000-0002-9964-9613,,Nobel Prize in Physiology or Medicine,,,,0,,7007006983,7007006983,wikidata,high,https://www.scopus.com/authid/detail.uri?authorId=7007006983
Physiology or Medicine,2002,Sydney Brenner,Q234463,award,2.0,Sydney Brenner,24771944600,,,Nobel Prize in Physiology or Medicine,,,,0,,24771944600,24771944600,wikidata,high,https://www.scopus.com/authid/detail.uri?authorId=24771944600
Physiology or Medicine,2003,Peter Mansfield,Q243601,award,2.0,Peter Mansfield,8312418400,,,Nobel Prize in Physiology or Medicine,,,,0,,8312418400,8312418400,wikidata,high,https://www.scopus.com/authid/detail.uri?authorId=8312418400
Physiology or Medicine,2003,Paul Christian Lauterbur,Q106547,award,3.0,Paul Lauterbur,7005631689,,,Nobel Prize in Physiology or Medicine,,,,0,,7005631689,7005631689,wikidata,high,https://www.scopus.com/authid/detail.uri?authorId=7005631689
Physiology or Medicine,2004,Linda Brown Buck,Q200136,award,3.0,Linda B. Buck,7004780999,0000-0001-6735-8961,,Nobel Prize in Physiology or Medicine,,,,0,,7004780999,7004780999,wikidata,high,https://www.scopus.com/authid/detail.uri?authorId=7004780999
Physiology or Medicine,2004,Richard Axel,Q211940,award,2.0,Richard Axel,56240994000,0000-0002-3141-4076,,Nobel Prize in Physiology or Medicine,,,,0,,56240994000,56240994000,wikidata,high,https://www.scopus.com/authid/detail.uri?authorId=56240994000
Physiology or Medicine,2005,John Robin Warren,Q208670,award,3.0,Robin Warren,,,,Nobel Prize in Physiology or Medicine,A5021801489,name,,0,,,,,not searched,
Physiology or Medicine,2005,Barry James Marshall,Q202136,award,3.0,Barry Marshall,7202280032,0000-0003-4853-5015,,Nobel Prize in Physiology or Medicine,,,,0,,7202280032,7202280032,wikidata,high,https://www.scopus.com/authid/detail.uri?authorId=7202280032
Physiology or Medicine,2006,Craig Cameron Mello,Q206455,award,3.0,Craig Mello,,,,Nobel Prize in Physiology or Medicine,A5029315886,name,,0,,,,,not searched,
Physiology or Medicine,2006,Andrew Zachary Fire,Q202152,award,3.0,Andrew Fire,,0000-0001-6217-8312,,Nobel Prize in Physiology or Medicine,A5057231025,orcid,,0,,,,,not searched,
Physiology or Medicine,2007,Mario Ramberg Capecchi,Q215574,award,3.0,Mario Capecchi,7006548001,0000-0002-9591-4993,,Nobel Prize in Physiology or Medicine,,,,0,,7006548001,7006548001,wikidata,high,https://www.scopus.com/authid/detail.uri?authorId=7006548001
Physiology or Medicine,2007,Oliver Smithies,Q216318,award,2.0,Oliver Smithies,7103314575,0000-0002-4934-3931,,Nobel Prize in Physiology or Medicine,,,,0,,7103314575,7103314575,wikidata,high,https://www.scopus.com/authid/detail.uri?authorId=7103314575
Physiology or Medicine,2007,Martin John Evans,Q207719,award,3.0,Martin Evans,7404538322,,,Nobel Prize in Physiology or Medicine,,,,0,,7404538322,7404538322,wikidata,high,https://www.scopus.com/authid/detail.uri?authorId=7404538322
Physiology or Medicine,2008,Françoise Barré-Sinoussi,Q103844,award,3.0,Françoise Barré-Sinoussi,,,,Nobel Prize in Physiology or Medicine,A5107827488,name,,0,,,,,not searched,
Physiology or Medicine,2008,Harald zur Hausen,Q75847,award,3.0,Harald zur Hausen,,0000-0003-1103-0347,,Nobel Prize in Physiology or Medicine,A5076220155,orcid,,0,,,,,not searched,
Physiology or Medicine,2008,Luc Montagnier,Q103598,award,2.0,Luc Montagnier,,,,Nobel Prize in Physiology or Medicine,A5016871448,name,,0,,,,,not searched,
Physiology or Medicine,2009,Jack William Szostak,Q104600,award,3.0,Jack Szostak,,0000-0003-4131-1203,,Nobel Prize in Physiology or Medicine,A5006080058,orcid,,0,,,,,not searched,
Physiology or Medicine,2009,Carol Greider,Q26322,award,2.0,Carol Greider,,0000-0002-5494-8126,,Nobel Prize in Physiology or Medicine,A5041730448,orcid,,0,,,,,not searched,
Physiology or Medicine,2009,Elizabeth Helen Blackburn,Q26321,award,2.0,Elizabeth Blackburn,7103349740,0000-0002-4885-0544,,Nobel Prize in Physiology or Medicine,,,,0,,7103349740,7103349740,wikidata,high,https://www.scopus.com/authid/detail.uri?authorId=7103349740
Physiology or Medicine,2010,Robert Geoffrey Edwards,Q104913,award,3.0,Robert Edwards,7403978623,,,Nobel Prize in Physiology or Medicine,,,,0,,7403978623,7403978623,wikidata,high,https://www.scopus.com/authid/detail.uri?authorId=7403978623
Physiology or Medicine,2011,Jules Alphonse Hoffmann,Q105605,award,3.0,Jules Hoffmann,7401869646,,,Nobel Prize in Physiology or Medicine,,,,0,,7401869646,7401869646,wikidata,high,https://www.scopus.com/authid/detail.uri?authorId=7401869646
Physiology or Medicine,2011,Bruce Beutler,Q104592,award,2.0,Bruce Beutler,,0000-0002-3639-246X,,Nobel Prize in Physiology or Medicine,A5108070653,orcid,,0,,,,,not searched,
Physiology or Medicine,2011,Ralph Marvin Steinman,Q105494,award,3.0,Ralph Steinman,,,,Nobel Prize in Physiology or Medicine,A5113434905,name,,0,,,,,not searched,
Physiology or Medicine,2012,Shinya Yamanaka,Q80917,award,2.0,Shinya Yamanaka,7202123309,,,Nobel Prize in Physiology or Medicine,,,,0,,7202123309,7202123309,wikidata,high,https://www.scopus.com/authid/detail.uri?authorId=7202123309
Physiology or Medicine,2012,John Bertrand Gurdon,Q81218,award,3.0,John Gurdon,7102977003,0000-0002-5621-3799,,Nobel Prize in Physiology or Medicine,,,,0,,7102977003,7102977003,wikidata,high,https://www.scopus.com/authid/detail.uri?authorId=7102977003
Physiology or Medicine,2013,Randy Wayne Schekman,Q740638,award,3.0,Randy Schekman,7103412555,0000-0001-8615-6409,,Nobel Prize in Physiology or Medicine,,,,0,,7103412555,7103412555,wikidata,high,https://www.scopus.com/authid/detail.uri?authorId=7103412555
Physiology or Medicine,2013,Thomas Christian Südhof,Q97270,award,3.0,Thomas C. Südhof,35418589300,0000-0003-3361-9275,,Nobel Prize in Physiology or Medicine,,,,0,,35418589300,35418589300,wikidata,high,https://www.scopus.com/authid/detail.uri?authorId=35418589300
Physiology or Medicine,2013,James Edward Rothman,Q444270,award,3.0,James Rothman,7103209478,0000-0003-4822-4161,,Nobel Prize in Physiology or Medicine,,,,0,,7103209478,7103209478,wikidata,high,https://www.scopus.com/authid/detail.uri?authorId=7103209478
Physiology or Medicine,2014,Edvard Moser,Q5341373,award,2.0,Edvard Moser,7203026294,0000-0003-0226-5566,,Nobel Prize in Physiology or Medicine,,,,0,,7203026294,7203026294,wikidata,high,https://www.scopus.com/authid/detail.uri?authorId=7203026294
Physiology or Medicine,2014,John O'Keefe,Q1701279,award,2.0,John O'Keefe,35478840000,0000-0001-5697-4881,,Nobel Prize in Physiology or Medicine,,,,0,,35478840000,35478840000,wikidata,high,https://www.scopus.com/authid/detail.uri?authorId=35478840000
Physiology or Medicine,2014,May-Britt Moser,Q6796222,award,3.0,May-Britt Moser,7402346406,0000-0001-7884-3049,,Nobel Prize in Physiology or Medicine,,,,0,,7402346406,7402346406,wikidata,high,https://www.scopus.com/authid/detail.uri?authorId=7402346406
Physiology or Medicine,2015,William Cecil Campbell,Q21061212,award,2.0,William C. Campbell,7402860800,,,Nobel Prize in Physiology or Medicine,,,,0,,7402860800,7402860800,wikidata,high,https://www.scopus.com/authid/detail.uri?authorId=7402860800
Physiology or Medicine,2015,Tu Youyou,Q462843,award,2.0,Tu Youyou,,,,Nobel Prize in Physiology or Medicine,A5010459426,name,,0,,,,,not searched,
Physiology or Medicine,2015,Satoshi Ōmura,Q21061207,award,2.0,Satoshi Ōmura,36874814700,,,Nobel Prize in Physiology or Medicine,,,,0,,36874814700,36874814700,wikidata,high,https://www.scopus.com/authid/detail.uri?authorId=36874814700
Physiology or Medicine,2016,Yoshinori Ohsumi,Q8056214,award,2.0,Yoshinori Ohsumi,,0000-0003-2384-2166,,Nobel Prize in Physiology or Medicine,A5056765809,orcid,,0,,,,,not searched,
Physiology or Medicine,2017,Michael Warren Young,Q1929672,award,3.0,Michael W. Young,,0000-0002-9726-2247,,Nobel Prize in Physiology or Medicine,A5103089991,orcid,,0,,,,,not searched,
Physiology or Medicine,2017,Jeffrey Connor Hall,Q1686435,award,3.0,Jeffrey C. Hall,,,,Nobel Prize in Physiology or Medicine,A5111697256,name,,0,,,,,not searched,
Physiology or Medicine,2017,Michael Morris Rosbash,Q1297741,award,3.0,Michael Rosbash,,0000-0003-3366-1780,,Nobel Prize in Physiology or Medicine,A5068402917,orcid,,0,,,,,not searched,
Physiology or Medicine,2018,James Patrick Allison,Q6140731,award,3.0,James P. Allison,7401475344,0000-0001-8980-5697,,Nobel Prize in Physiology or Medicine,,,,0,,7401475344,7401475344,wikidata,high,https://www.scopus.com/authid/detail.uri?authorId=7401475344
Physiology or Medicine,2018,Tasuku Honjo,Q2395341,award,2.0,Tasuku Honjo,36013822600,0000-0003-2300-3928,,Nobel Prize in Physiology or Medicine,,,,0,,36013822600,36013822600,wikidata,high,https://www.scopus.com/authid/detail.uri?authorId=36013822600
Physiology or Medicine,2019,William George Kaelin Jr.,Q1603351,award,3.0,William G. Kaelin,7007001955,0000-0002-0574-4856,,Nobel Prize in Physiology or Medicine,,,,0,,7007001955,7007001955,wikidata,high,https://www.scopus.com/authid/detail.uri?authorId=7007001955
Physiology or Medicine,2019,Peter John Ratcliffe,Q2075967,award,3.0,Peter J. Ratcliffe,35273349500,0000-0002-2853-806X,,Nobel Prize in Physiology or Medicine,,,,0,,35273349500,35273349500,wikidata,high,https://www.scopus.com/authid/detail.uri?authorId=35273349500
Physiology or Medicine,2019,Gregg Leonard Semenza,Q1545025,award,2.0,Gregg L. Semenza,7103057679,0000-0002-0913-211X,,Nobel Prize in Physiology or Medicine,,,,0,,7103057679,7103057679,wikidata,high,https://www.scopus.com/authid/detail.uri?authorId=7103057679
Physiology or Medicine,2020,Michael Houghton,Q1927895,award,2.0,Michael Houghton,7007018686,0000-0003-3762-6771,,Nobel Prize in Physiology or Medicine,,,,0,,7007018686,7007018686,wikidata,high,https://www.scopus.com/authid/detail.uri?authorId=7007018686
Physiology or Medicine,2020,Harvey James Alter,Q5677307,award,3.0,Harvey J. Alter,7102346556,,,Nobel Prize in Physiology or Medicine,,,,0,,7102346556,7102346556,wikidata,high,https://www.scopus.com/authid/detail.uri?authorId=7102346556
Physiology or Medicine,2020,Charles Moen Rice,Q22669757,award,3.0,Charles M. Rice,57209763974,0000-0003-3087-8079,,Nobel Prize in Physiology or Medicine,,,,0,,57209763974,57209763974,wikidata,high,https://www.scopus.com/authid/detail.uri?authorId=57209763974
Physiology or Medicine,2021,Ardem Patapoutian,Q60322501,award,2.0,Ardem Patapoutian,7003979978,0000-0003-0726-7034,,Nobel Prize in Physiology or Medicine,,,,0,,7003979978,7003979978,wikidata,high,https://www.scopus.com/authid/detail.uri?authorId=7003979978
Physiology or Medicine,2021,David Jay Julius,Q1174906,award,3.0,David Julius,7006756761,0000-0002-6365-4867,,Nobel Prize in Physiology or Medicine,,,,0,,7006756761,7006756761,wikidata,high,https://www.scopus.com/authid/detail.uri?authorId=7006756761
Physiology or Medicine,2022,Svante Pääbo,Q170342,award,2.0,Svante Pääbo,7006151134,0000-0002-4670-6311,,Nobel Prize in Physiology or Medicine,,,,0,,7006151134,7006151134,wikidata,high,https://www.scopus.com/authid/detail.uri?authorId=7006151134
Physiology or Medicine,2023,Drew Weissman,Q88608402,award,2.0,Drew Weissman,7102689458,0000-0002-1501-6510,,Nobel Prize in Physiology or Medicine,,,,0,,7102689458,7102689458,wikidata,high,https://www.scopus.com/authid/detail.uri?authorId=7102689458
Physiology or Medicine,2023,Katalin Karikó,Q88608397,award,2.0,Katalin Karikó,7004343127,0000-0002-1864-3851,,Nobel Prize in Physiology or Medicine,,,,0,,7004343127,7004343127,wikidata,high,https://www.scopus.com/authid/detail.uri?authorId=7004343127
Physiology or Medicine,2024,Victor R. Ambros,Q983858,award,2.0,Victor Ambros,7004145559,0000-0002-5562-5345,,Nobel Prize in Physiology or Medicine,,,,0,,7004145559,7004145559,wikidata,high,https://www.scopus.com/authid/detail.uri?authorId=7004145559
Physiology or Medicine,2024,Gary Bruce Ruvkun,Q504021,award,3.0,Gary Ruvkun,,0000-0002-7473-8484,,Nobel Prize in Physiology or Medicine,A5066998461,orcid,,0,,,,,not searched,
Physiology or Medicine,2025,Mary Elizabeth Brunkow,Q114564137,award,3.0,Mary Elizabeth Brunkow,6603026025,0009-0005-0087-4343,,Nobel Prize in Physiology or Medicine,,,,0,,6603026025,6603026025,wikidata,high,https://www.scopus.com/authid/detail.uri?authorId=6603026025
Physiology or Medicine,2025,Frederick J. Ramsdell,Q28212107,award,2.0,Fred Ramsdell,7003856295,,A5050752577,Nobel Prize in Physiology or Medicine,,,,0,,7003856295,7003856295,wikidata,high,https://www.scopus.com/authid/detail.uri?authorId=7003856295
Physiology or Medicine,2025,Shimon Sakaguchi,Q17502433,award,2.0,Shimon Sakaguchi,7201357958,0000-0001-8265-6094,,Nobel Prize in Physiology or Medicine,,,,0,,7201357958,7201357958,wikidata,high,https://www.scopus.com/authid/detail.uri?authorId=7201357958
Physics,2000,Jores Ivanovitch Alfiorov,Q183279,award,1.747,Zhores Alferov,55902750400,,,Nobel Prize in Physics,,,,0,,55902750400,55902750400,wikidata,high,https://www.scopus.com/authid/detail.uri?authorId=55902750400
Physics,2000,Herbert Kroemer,Q71016,award,2.0,Herbert Kroemer,7102145116,,,Nobel Prize in Physics,,,,0,,7102145116,7102145116,wikidata,high,https://www.scopus.com/authid/detail.uri?authorId=7102145116
Physics,2000,Jack St. Claire Kilby,Q182031,award,3.909,Jack Kilby,7003693520,,,Nobel Prize in Physics,,,,0,,7003693520,7003693520,wikidata,high,https://www.scopus.com/authid/detail.uri?authorId=7003693520
Physics,2001,Carl Wieman,Q206379,award,2.0,Carl Wieman,7006833489,0000-0003-1449-9319,,Nobel Prize in Physics,,,,0,,7006833489,7006833489,wikidata,high,https://www.scopus.com/authid/detail.uri?authorId=7006833489
Physics,2001,Eric Allin Cornell,Q205954,award,3.0,Eric Allin Cornell,,0009-0004-8034-9057,,Nobel Prize in Physics,A5004950660,orcid,,0,,,,,not searched,
Physics,2001,Wolfgang Ketterle,Q76462,award,2.0,Wolfgang Ketterle,7006716811,0000-0002-9528-3044,,Nobel Prize in Physics,,,,0,,7006716811,7006716811,wikidata,high,https://www.scopus.com/authid/detail.uri?authorId=7006716811
Physics,2002,Masatoshi Koshiba,Q155773,award,2.0,Masatoshi Koshiba,55725689700,,,Nobel Prize in Physics,,,,0,,55725689700,55725689700,wikidata,high,https://www.scopus.com/authid/detail.uri?authorId=55725689700
Physics,2002,Raymond Davis Jr.,Q175519,award,2.0,Raymond Davis Jr.,,,,Nobel Prize in Physics,A5109188168,name,,0,,,,,not searched,
Physics,2002,Riccardo Giacconi,Q186481,award,2.0,Riccardo Giacconi,,,,Nobel Prize in Physics,A5090764693,name,,0,,,,,not searched,
Physics,2003,Vitali Lazarevitch Ginzburg,Q104668,award,2.786,Vitaly Ginzburg,8093014400,,,Nobel Prize in Physics,,,,0,,8093014400,8093014400,wikidata,high,https://www.scopus.com/authid/detail.uri?authorId=8093014400
Physics,2003,Aleksei Aleksêievitch Abrikóssov,Q188128,award,2.685,Alexei Abrikosov,7005744044,,,Nobel Prize in Physics,,,,0,,7005744044,7005744044,wikidata,high,https://www.scopus.com/authid/detail.uri?authorId=7005744044
Physics,2003,Anthony James Leggett,Q192718,award,3.0,Anthony Leggett,7006513844,,,Nobel Prize in Physics,,,,0,,7006513844,7006513844,wikidata,high,https://www.scopus.com/authid/detail.uri?authorId=7006513844
Physics,2004,Frank Wilczek,Q107450,award,2.0,Frank Wilczek,,0000-0002-6489-6155,,Nobel Prize in Physics,A5091196459,orcid,,0,,,,,not searched,
Physics,2004,David Jonathan Gross,Q40262,award,3.0,David Gross,7401437722,0000-0002-1485-7107,,Nobel Prize in Physics,,,,0,,7401437722,7401437722,wikidata,high,https://www.scopus.com/authid/detail.uri?authorId=7401437722
Physics,2004,Hugh David Politzer,Q107407,award,3.0,Hugh David Politzer,,,,Nobel Prize in Physics,A5147349854,name,,0,,,,,not searched,
Physics,2005,Roy Jay Glauber,Q64188,award,3.0,Roy J. Glauber,6603249557,,,Nobel Prize in Physics,,,,0,,6603249557,6603249557,wikidata,high,https://www.scopus.com/authid/detail.uri?authorId=6603249557
Physics,2005,John Lewis Hall,Q206390,award,3.0,John L. Hall,,0000-0001-6137-8945,,Nobel Prize in Physics,A5009444030,orcid,,0,,,,,not searched,
Physics,2005,Theodor Wolfgang Hänsch,Q71013,award,2.0,Theodor W. Hänsch,,0000-0002-6476-9033,,Nobel Prize in Physics,A5105817149,orcid,,0,,,,,not searched,
Physics,2006,George Fitzgerald Smoot III,Q179572,award,3.0,George F. Smoot,24497446500,0000-0001-7575-0816,,Nobel Prize in Physics,,,,0,,24497446500,24497446500,wikidata,high,https://www.scopus.com/authid/detail.uri?authorId=24497446500
Physics,2006,John Cromwell Mather,Q104651,award,3.0,John C. Mather,7103373841,0000-0002-6460-0078,,Nobel Prize in Physics,,,,0,,7103373841,7103373841,wikidata,high,https://www.scopus.com/authid/detail.uri?authorId=7103373841
Physics,2007,Peter Andreas Grünberg,Q57120,award,2.0,Peter Grünberg,7003763976,,,Nobel Prize in Physics,,,,0,,7003763976,7003763976,wikidata,high,https://www.scopus.com/authid/detail.uri?authorId=7003763976
Physics,2007,Albert Fert,Q153219,award,2.0,Albert Fert,8627358300,0000-0003-0670-8539,,Nobel Prize in Physics,,,,0,,8627358300,8627358300,wikidata,high,https://www.scopus.com/authid/detail.uri?authorId=8627358300
Physics,2008,Yōichirō Nambu,Q188120,award,2.0,Yoichiro Nambu,22976434100,,,Nobel Prize in Physics,,,,0,,22976434100,22976434100,wikidata,high,https://www.scopus.com/authid/detail.uri?authorId=22976434100
Physics,2008,Makoto Kobayashi,Q202164,award,2.0,Makoto Kobayashi,55741820900,,,Nobel Prize in Physics,,,,0,,55741820900,55741820900,wikidata,high,https://www.scopus.com/authid/detail.uri?authorId=55741820900
Physics,2008,Toshihide Masukawa,Q202168,award,2.0,Toshihide Maskawa,26650038200,,,Nobel Prize in Physics,,,,0,,26650038200,26650038200,wikidata,high,https://www.scopus.com/authid/detail.uri?authorId=26650038200
Physics,2009,George Elwood Smith,Q76373,award,3.0,George E. Smith,57198544798,,,Nobel Prize in Physics,,,,0,,57198544798,57198544798,wikidata,high,https://www.scopus.com/authid/detail.uri?authorId=57198544798
Physics,2009,Charles Kuen Kao,Q16389,award,3.0,Charles K. Kao,23000541800;7403683425,,,Nobel Prize in Physics,,,,0,,23000541800,23000541800;7403683425,wikidata,high,https://www.scopus.com/authid/detail.uri?authorId=23000541800
Physics,2009,Willard Sterling Boyle,Q73058,award,3.0,Willard Boyle,,,,Nobel Prize in Physics,A5078466641,name,,0,,,,,not searched,
Physics,2010,Andre Geim,Q104104,award,2.0,Andre Geim,7004967893,0000-0003-2861-8331,,Nobel Prize in Physics,,,,0,,7004967893,7004967893,wikidata,high,https://www.scopus.com/authid/detail.uri?authorId=7004967893
Physics,2010,Konstantin Serguêievitch Novosselov,Q106494,award,2.817,Konstantin Novoselov,22135804300,0000-0003-4972-5371,,Nobel Prize in Physics,,,,0,,22135804300,22135804300,wikidata,high,https://www.scopus.com/authid/detail.uri?authorId=22135804300
Physics,2011,Adam Guy Riess,Q106454,award,3.0,Adam Riess,,0000-0002-6124-1196,a5017158718,Nobel Prize in Physics,A5017158718,wikidata,,0,,,,,not searched,
Physics,2011,Saul Perlmutter,Q106949,award,2.0,Saul Perlmutter,,0000-0002-4436-4661,,Nobel Prize in Physics,A5030135192,orcid,,0,,,,,not searched,
Physics,2011,Brian P. Schmidt,Q201452,award,2.0,Brian Schmidt,57222519822;7402828523,0000-0001-6589-1287;0000-0002-8538-9195,a5023063594,Nobel Prize in Physics,,,,0,,57222519822,57222519822;7402828523,wikidata,high,https://www.scopus.com/authid/detail.uri?authorId=57222519822
Physics,2012,David Jeffrey Wineland,Q61045,award,3.0,David J. Wineland,,0000-0002-9770-5220,,Nobel Prize in Physics,A5001536933,orcid,,0,,,,,not searched,
Physics,2012,Serge Haroche,Q109588,award,2.0,Serge Haroche,7004396547,,,Nobel Prize in Physics,,,,0,,7004396547,7004396547,wikidata,high,https://www.scopus.com/authid/detail.uri?authorId=7004396547
Physics,2013,Peter Ware Higgs,Q192112,award,2.0,Peter Higgs,57293091200,,,Nobel Prize in Physics,,,,0,,57293091200,57293091200,wikidata,high,https://www.scopus.com/authid/detail.uri?authorId=57293091200
Physics,2013,François Englert,Q151746,award,2.0,François Englert,,,,Nobel Prize in Physics,A5109059719,name,,0,,,,,not searched,
Physics,2014,Shuji Nakamura,Q730065,award,2.0,Shuji Nakamura,,,,Nobel Prize in Physics,A5030709847,name,,0,,,,,not searched,
Physics,2014,Isamu Akasaki,Q1673706,award,2.0,Isamu Akasaki,55169779200,,,Nobel Prize in Physics,,,,0,,55169779200,55169779200,wikidata,high,https://www.scopus.com/authid/detail.uri?authorId=55169779200
Physics,2014,Hiroshi Amano,Q11443689,award,2.0,Hiroshi Amano,,0000-0002-7598-2593,,Nobel Prize in Physics,A5048399593,orcid,,0,,,,,not searched,
Physics,2015,Arthur Bruce McDonald,Q710597,award,3.0,Arthur B. McDonald,14056654600,,,Nobel Prize in Physics,,,,0,,14056654600,14056654600,wikidata,high,https://www.scopus.com/authid/detail.uri?authorId=14056654600
Physics,2015,Takaaki Kajita,Q11538917,award,2.0,Takaaki Kajita,,0000-0003-1207-6638,,Nobel Prize in Physics,A5141823410,orcid,,0,,,,,not searched,
Physics,2016,John Michael Kosterlitz,Q1700920,award,2.0,J. Michael Kosterlitz,7102586368,0000-0002-2608-6952,,Nobel Prize in Physics,,,,0,,7102586368,7102586368,wikidata,high,https://www.scopus.com/authid/detail.uri?authorId=7102586368
Physics,2016,David James Thouless,Q726394,award,3.0,David J. Thouless,6701511046,,,Nobel Prize in Physics,,,,0,,6701511046,6701511046,wikidata,high,https://www.scopus.com/authid/detail.uri?authorId=6701511046
Physics,2016,Frederick Duncan Michael Haldane,Q1002250,award,4.0,Duncan Haldane,6701402909,0000-0001-6420-9549,,Nobel Prize in Physics,,,,0,,6701402909,6701402909,wikidata,high,https://www.scopus.com/authid/detail.uri?authorId=6701402909
Physics,2017,Kip Thorne,Q323320,award,2.0,Kip S. Thorne,7005558283,0000-0002-9475-4318,,Nobel Prize in Physics,,,,0,,7005558283,7005558283,wikidata,high,https://www.scopus.com/authid/detail.uri?authorId=7005558283
Physics,2017,Barry Clark Barish,Q15900993,award,3.0,Barry Barish,,0000-0001-6386-7371,,Nobel Prize in Physics,A5040898326,orcid,,0,,,,,not searched,
Physics,2017,Rainer Weiss,Q2128461,award,2.0,Rainer Weiss,35278927800,,,Nobel Prize in Physics,,,,0,,35278927800,35278927800,wikidata,high,https://www.scopus.com/authid/detail.uri?authorId=35278927800
Physics,2018,Gérard Albert Mourou,Q556543,award,3.0,Gérard Mourou,7102620818,,,Nobel Prize in Physics,,,,0,,7102620818,7102620818,wikidata,high,https://www.scopus.com/authid/detail.uri?authorId=7102620818
Physics,2018,Donna Theo Strickland,Q56855591,award,3.0,Donna Strickland,56277784300,0000-0003-2925-5413,,Nobel Prize in Physics,,,,0,,56277784300,56277784300,wikidata,high,https://www.scopus.com/authid/detail.uri?authorId=56277784300
Physics,2018,Arthur Ashkin,Q708472,award,2.0,Arthur Ashkin,7003716134,,,Nobel Prize in Physics,,,,0,,7003716134,7003716134,wikidata,high,https://www.scopus.com/authid/detail.uri?authorId=7003716134
Physics,2019,Phillip James Edwin Peebles,Q728331,award,4.0,Jim Peebles,7006828789,,,Nobel Prize in Physics,,,,0,,7006828789,7006828789,wikidata,high,https://www.scopus.com/authid/detail.uri?authorId=7006828789
Physics,2019,Didier Patrick Queloz,Q124013,award,2.0,Didier Queloz,9533908800,0000-0002-3012-0316,,Nobel Prize in Physics,,,,0,,9533908800,9533908800,wikidata,high,https://www.scopus.com/authid/detail.uri?authorId=9533908800
Physics,2019,Michel Gustave Édouard Mayor,Q123975,award,3.0,Michel Mayor,8579910500,0000-0002-9352-5935,,Nobel Prize in Physics,,,,0,,8579910500,8579910500,wikidata,high,https://www.scopus.com/authid/detail.uri?authorId=8579910500
Physics,2020,Andrea Mia Ghez,Q493956,award,2.0,Andrea M. Ghez,,0000-0003-3230-5055,,Nobel Prize in Physics,A5077199483,orcid,,0,,,,,not searched,
Physics,2020,Reinhard Genzel,Q65807,award,2.0,Reinhard Genzel,35499152300,0000-0002-2767-9653,,Nobel Prize in Physics,,,,0,,35499152300,35499152300,wikidata,high,https://www.scopus.com/authid/detail.uri?authorId=35499152300
Physics,2020,Roger Penrose,Q193803,award,2.0,Roger Penrose,7004534991,,,Nobel Prize in Physics,,,,0,,7004534991,7004534991,wikidata,high,https://www.scopus.com/authid/detail.uri?authorId=7004534991
Physics,2021,Klaus Hasselmann,Q109370,award,2.0,Klaus Hasselmann,,0000-0002-8501-1387,,Nobel Prize in Physics,A5112219120,name,,0,,,,,not searched,
Physics,2021,Syukuro Manabe,Q3675789,award,2.0,Syukuro Manabe,,,,Nobel Prize in Physics,A5045338372,name,,0,,,,,not searched,
Physics,2021,Giorgio Parisi,Q1235614,award,2.0,Giorgio Parisi,7103145542,0000-0001-6500-5222,,Nobel Prize in Physics,,,,0,,7103145542,7103145542,wikidata,high,https://www.scopus.com/authid/detail.uri?authorId=7103145542
Physics,2022,Alain Aspect,Q364997,award,2.0,Alain Aspect,56250709000,0000-0003-0094-5584,,Nobel Prize in Physics,,,,0,,56250709000,56250709000,wikidata,high,https://www.scopus.com/authid/detail.uri?authorId=56250709000
Physics,2022,John Francis Clauser,Q1365270,award,3.0,John Clauser,6602378297,,,Nobel Prize in Physics,,,,0,,6602378297,6602378297,wikidata,high,https://www.scopus.com/authid/detail.uri?authorId=6602378297
Physics,2022,Anton Zeilinger,Q78610,award,2.0,Anton Zeilinger,56260427900,0000-0002-6778-0887,,Nobel Prize in Physics,,,,0,,56260427900,56260427900,wikidata,high,https://www.scopus.com/authid/detail.uri?authorId=56260427900
Physics,2023,Pierre Agostini,Q57020342,award,2.0,Pierre Agostini,57218186569;7005332548,0000-0002-7741-4581,,Nobel Prize in Physics,,,,0,,57218186569,57218186569;7005332548,wikidata,high,https://www.scopus.com/authid/detail.uri?authorId=57218186569
Physics,2023,Anne L'Huillier,Q565544,award,2.0,Anne L'Huillier,24453610100,0000-0002-1335-4022,,Nobel Prize in Physics,,,,0,,24453610100,24453610100,wikidata,high,https://www.scopus.com/authid/detail.uri?authorId=24453610100
Physics,2023,Ferenc Krausz,Q86970,award,2.0,Ferenc Krausz,7005502556,0000-0002-6525-9449,,Nobel Prize in Physics,,,,0,,7005502556,7005502556,wikidata,high,https://www.scopus.com/authid/detail.uri?authorId=7005502556
Physics,2024,Geoffrey Everest Hinton,Q92894,award,2.0,Geoffrey Hinton,7006699573,,,Nobel Prize in Physics,,,,0,,7006699573,7006699573,wikidata,high,https://www.scopus.com/authid/detail.uri?authorId=7006699573
Physics,2024,John Joseph Hopfield,Q391237,award,3.0,John Hopfield,7005786187,,,Nobel Prize in Physics,,,,0,,7005786187,7005786187,wikidata,high,https://www.scopus.com/authid/detail.uri?authorId=7005786187
Physics,2025,Michel Henri Devoret,Q26703310,award,2.0,Michel Devoret,,0000-0002-2883-9575,,Nobel Prize in Physics,A5089631322,orcid,,0,,,,,not searched,
Physics,2025,John Clarke,Q555849,award,2.0,John Clarke,35428887400,,,Nobel Prize in Physics,,,,0,,35428887400,35428887400,wikidata,high,https://www.scopus.com/authid/detail.uri?authorId=35428887400
Physics,2025,John Matthew Martinis,Q28976188,award,2.0,John M. Martinis,,0000-0003-1399-2566,,Nobel Prize in Physics,A5025871595,orcid,,0,,,,,not searched,
Chemistry,2000,Alan Graham MacDiarmid,Q110942,award,3.0,Alan MacDiarmid,36051516600,,,Nobel Prize in Chemistry,,,,0,,36051516600,36051516600,wikidata,high,https://www.scopus.com/authid/detail.uri?authorId=36051516600
Chemistry,2000,Hideki Shirakawa,Q110916,award,2.0,Hideki Shirakawa,7102779225,,,Nobel Prize in Chemistry,,,,0,,7102779225,7102779225,wikidata,high,https://www.scopus.com/authid/detail.uri?authorId=7102779225
Chemistry,2000,Alan Jay Heeger,Q106751,award,3.0,Alan J. Heeger,,,,Nobel Prize in Chemistry,A5087631107,name,,0,,,,,not searched,
Chemistry,2001,Karl Barry Sharpless,Q110925,award,3.0,Karl Barry Sharpless,7006064369,0000-0001-6051-1599,,Nobel Prize in Chemistry,,,,0,,7006064369,7006064369,wikidata,high,https://www.scopus.com/authid/detail.uri?authorId=7006064369
Chemistry,2001,Ryōji Noyori,Q157210,award,2.0,Ryōji Noyori,56091532400,,,Nobel Prize in Chemistry,,,,0,,56091532400,56091532400,wikidata,high,https://www.scopus.com/authid/detail.uri?authorId=56091532400
Chemistry,2001,William Standish Knowles,Q110947,award,3.0,William Standish Knowles,7006140458,,,Nobel Prize in Chemistry,,,,0,,7006140458,7006140458,wikidata,high,https://www.scopus.com/authid/detail.uri?authorId=7006140458
Chemistry,2002,Kōichi Tanaka,Q110963,award,2.0,Koichi Tanaka,,0000-0002-1853-1374,,Nobel Prize in Chemistry,A5009335876,orcid,,0,,,,,not searched,
Chemistry,2002,Kurt Wüthrich,Q110957,award,2.0,Kurt Wüthrich,36047173900,0000-0001-8739-6965,,Nobel Prize in Chemistry,,,,0,,36047173900,36047173900,wikidata,high,https://www.scopus.com/authid/detail.uri?authorId=36047173900
Chemistry,2002,John Bennett Fenn,Q106738,award,2.0,John Fenn,,,,Nobel Prize in Chemistry,A5041577693,name,,0,,,,,not searched,
Chemistry,2003,Peter Agre,Q102250,award,2.0,Peter Agre,7102695643,0000-0002-9581-890X,,Nobel Prize in Chemistry,,,,0,,7102695643,7102695643,wikidata,high,https://www.scopus.com/authid/detail.uri?authorId=7102695643
Chemistry,2003,Roderick MacKinnon,Q211482,award,2.0,Roderick MacKinnon,,0000-0001-7605-4679,,Nobel Prize in Chemistry,A5025045433,orcid,,0,,,,,not searched,
Chemistry,2004,Aaron Ciechanover,Q233205,award,2.0,Aaron Ciechanover,7005873606,0000-0001-9184-8944,,Nobel Prize in Chemistry,,,,0,,7005873606,7005873606,wikidata,high,https://www.scopus.com/authid/detail.uri?authorId=7005873606
Chemistry,2004,Avram Hershko,Q232302,award,2.0,Avram Hershko,7006965675,,,Nobel Prize in Chemistry,,,,0,,7006965675,7006965675,wikidata,high,https://www.scopus.com/authid/detail.uri?authorId=7006965675
Chemistry,2004,Irwin Allan Rose,Q230652,award,3.0,Irwin Rose,,,,Nobel Prize in Chemistry,A5012477217,name,,0,,,,,not searched,
Chemistry,2005,Richard Royce Schrock,Q202159,award,3.0,Richard R. Schrock,36042306800,0000-0001-5827-3552,,Nobel Prize in Chemistry,,,,0,,36042306800,36042306800,wikidata,high,https://www.scopus.com/authid/detail.uri?authorId=36042306800
Chemistry,2005,Yves Chauvin,Q202146,award,2.0,Yves Chauvin,,,,Nobel Prize in Chemistry,A5106409475,name,,0,,,,,not searched,
Chemistry,2005,Robert Howard Grubbs,Q202140,award,3.0,Robert H. Grubbs,36047111100,0000-0002-0057-7817,,Nobel Prize in Chemistry,,,,0,,36047111100,36047111100,wikidata,high,https://www.scopus.com/authid/detail.uri?authorId=36047111100
Chemistry,2006,Roger D. Kornberg,Q170676,award,2.0,Roger D. Kornberg,7102149363,0000-0002-2425-7519,,Nobel Prize in Chemistry,,,,0,,7102149363,7102149363,wikidata,high,https://www.scopus.com/authid/detail.uri?authorId=7102149363
Chemistry,2007,Gerhard Ertl,Q60066,award,2.0,Gerhard Ertl,56850553600,,,Nobel Prize in Chemistry,,,,0,,56850553600,56850553600,wikidata,high,https://www.scopus.com/authid/detail.uri?authorId=56850553600
Chemistry,2008,Osamu Shimomura,Q205345,award,2.0,Osamu Shimomura,,,,Nobel Prize in Chemistry,A5085164052,name,,0,,,,,not searched,
Chemistry,2008,Martin Chalfie,Q106699,award,2.0,Martin Chalfie,7006428193,0000-0002-9079-7046,,Nobel Prize in Chemistry,,,,0,,7006428193,7006428193,wikidata,high,https://www.scopus.com/authid/detail.uri?authorId=7006428193
Chemistry,2008,Roger Yonchien Tsien,Q200470,award,3.0,Roger Y. Tsien,7201933927,,,Nobel Prize in Chemistry,,,,0,,7201933927,7201933927,wikidata,high,https://www.scopus.com/authid/detail.uri?authorId=7201933927
Chemistry,2009,Ada E. Yonath,Q7426,award,2.0,Ada Yonath,7005158223,0000-0002-1856-6964,,Nobel Prize in Chemistry,,,,0,,7005158223,7005158223,wikidata,high,https://www.scopus.com/authid/detail.uri?authorId=7005158223
Chemistry,2009,Venkatraman Ramakrishnan,Q60061,award,2.0,Venkatraman Ramakrishnan,15733878000,0000-0002-4699-2194,,Nobel Prize in Chemistry,,,,0,,15733878000,15733878000,wikidata,high,https://www.scopus.com/authid/detail.uri?authorId=15733878000
Chemistry,2009,Thomas A. Steitz,Q109559,award,2.0,Thomas A. Steitz,7102949800,0000-0002-3357-3505,,Nobel Prize in Chemistry,,,,0,,7102949800,7102949800,wikidata,high,https://www.scopus.com/authid/detail.uri?authorId=7102949800
Chemistry,2010,Richard Fred Heck,Q106471,award,3.0,Richard F. Heck,,,,Nobel Prize in Chemistry,A5113728961,name,,0,,,,,not searched,
Chemistry,2010,Ei'ichi Negishi,Q105927,award,3.0,Ei-ichi Negishi,35399501300,0000-0002-5746-5779,,Nobel Prize in Chemistry,,,,0,,35399501300,35399501300,wikidata,high,https://www.scopus.com/authid/detail.uri?authorId=35399501300
Chemistry,2010,Akira Suzuki,Q105949,award,2.0,Akira Suzuki,7404461208,,,Nobel Prize in Chemistry,,,,0,,7404461208,7404461208,wikidata,high,https://www.scopus.com/authid/detail.uri?authorId=7404461208
Chemistry,2011,Dan Shechtman,Q44111,award,2.0,Dan Shechtman,,,,Nobel Prize in Chemistry,A5112641125,name,,0,,,,,not searched,
Chemistry,2012,Brian Kent Kobilka,Q80907,award,3.0,Brian Kobilka,7102457924,0000-0001-5958-3990,,Nobel Prize in Chemistry,,,,0,,7102457924,7102457924,wikidata,high,https://www.scopus.com/authid/detail.uri?authorId=7102457924
Chemistry,2012,Robert J. Lefkowitz,Q80910,award,2.0,Robert Lefkowitz,,0000-0003-1472-7545,,Nobel Prize in Chemistry,A5080672788,orcid,,0,,,,,not searched,
Chemistry,2013,Arieh Warshel,Q4790366,award,2.0,Arieh Warshel,,0000-0001-7971-5401,,Nobel Prize in Chemistry,A5057068226,orcid,,0,,,,,not searched,
Chemistry,2013,Martin Karplus,Q903471,award,2.0,Martin Karplus,15132101700,,,Nobel Prize in Chemistry,,,,0,,15132101700,15132101700,wikidata,high,https://www.scopus.com/authid/detail.uri?authorId=15132101700
Chemistry,2013,Michael Levitt,Q6832227,award,2.0,Michael Levitt,35599984200,0000-0002-8414-7397,,Nobel Prize in Chemistry,,,,0,,35599984200,35599984200,wikidata,high,https://www.scopus.com/authid/detail.uri?authorId=35599984200
Chemistry,2014,William Esco Moerner,Q1387059,award,3.0,William E. Moerner,7005517781,0000-0002-2830-209X,,Nobel Prize in Chemistry,,,,0,,7005517781,7005517781,wikidata,high,https://www.scopus.com/authid/detail.uri?authorId=7005517781
Chemistry,2014,Stefan W. Hell,Q91410,award,2.0,Stefan Hell,7006579024,0000-0002-9638-5077,,Nobel Prize in Chemistry,,,,0,,7006579024,7006579024,wikidata,high,https://www.scopus.com/authid/detail.uri?authorId=7006579024
Chemistry,2014,Eric Betzig,Q1351105,award,2.0,Eric Betzig,,0000-0002-4192-1274,,Nobel Prize in Chemistry,A5048568518,orcid,,0,,,,,not searched,
Chemistry,2015,Paul Lawrence Modrich,Q7151888,award,3.0,Paul L. Modrich,7007057191,0000-0001-8708-9885,,Nobel Prize in Chemistry,,,,0,,7007057191,7007057191,wikidata,high,https://www.scopus.com/authid/detail.uri?authorId=7007057191
Chemistry,2015,Aziz Sancar,Q15118973,award,2.0,Aziz Sancar,7102063618,0000-0001-6469-4900,,Nobel Prize in Chemistry,,,,0,,7102063618,7102063618,wikidata,high,https://www.scopus.com/authid/detail.uri?authorId=7102063618
Chemistry,2015,Tomas Robert Lindahl,Q1886068,award,3.0,Tomas Lindahl,7103136259,0000-0003-0174-8152,,Nobel Prize in Chemistry,,,,0,,7103136259,7103136259,wikidata,high,https://www.scopus.com/authid/detail.uri?authorId=7103136259
Chemistry,2016,James Fraser Stoddart,Q376243,award,3.0,Fraser Stoddart,57205594268,0000-0003-3161-3697,,Nobel Prize in Chemistry,,,,0,,57205594268,57205594268,wikidata,high,https://www.scopus.com/authid/detail.uri?authorId=57205594268
Chemistry,2016,Bernard Lucas Feringa,Q3259614,award,3.0,Ben Feringa,,0000-0003-0588-8435,,Nobel Prize in Chemistry,A5113791942,orcid,,0,,,,,not searched,
Chemistry,2016,Jean-Pierre Sauvage,Q3169751,award,3.0,Jean-Pierre Sauvage,35515477700,,,Nobel Prize in Chemistry,,,,0,,35515477700,35515477700,wikidata,high,https://www.scopus.com/authid/detail.uri?authorId=35515477700
Chemistry,2017,Joachim Frank,Q28833112,award,2.0,Joachim Frank,,0000-0001-5449-6943,,Nobel Prize in Chemistry,A5064809109,orcid,,0,,,,,not searched,
Chemistry,2017,Jacques Dubochet,Q41585344,award,2.0,Jacques Dubochet,,0000-0002-9159-7361,,Nobel Prize in Chemistry,A5008622925,orcid,,0,,,,,not searched,
Chemistry,2017,Richard Henderson,Q1678456,award,2.0,Richard Henderson,55424874400,0000-0003-1444-0528,,Nobel Prize in Chemistry,,,,0,,55424874400,55424874400,wikidata,high,https://www.scopus.com/authid/detail.uri?authorId=55424874400
Chemistry,2018,George Pieczenik Smith,Q56868017,award,3.0,George Pearson Smith,7406738706,,,Nobel Prize in Chemistry,,,,0,,7406738706,7406738706,wikidata,high,https://www.scopus.com/authid/detail.uri?authorId=7406738706
Chemistry,2018,Gregory Paul Winter,Q1545000,award,3.0,Greg Winter,7202988467,0000-0003-0183-3859,,Nobel Prize in Chemistry,,,,0,,7202988467,7202988467,wikidata,high,https://www.scopus.com/authid/detail.uri?authorId=7202988467
Chemistry,2018,Frances Hamilton Arnold,Q4273363,award,2.0,Frances Arnold,7202489032,0000-0002-4027-364X,,Nobel Prize in Chemistry,,,,0,,7202489032,7202489032,wikidata,high,https://www.scopus.com/authid/detail.uri?authorId=7202489032
Chemistry,2019,Akira Yoshino,Q4701206,award,2.0,Akira Yoshino,,,,Nobel Prize in Chemistry,A5103185273,name,,0,,,,,not searched,
Chemistry,2019,Michael Stanley Whittingham,Q285062,award,3.0,M. Stanley Whittingham,8348104500,0000-0002-5039-9334,,Nobel Prize in Chemistry,,,,0,,8348104500,8348104500,wikidata,high,https://www.scopus.com/authid/detail.uri?authorId=8348104500
Chemistry,2019,John Bannister Goodenough,Q906529,award,3.0,John B. Goodenough,35493420800,0000-0001-9350-3034,,Nobel Prize in Chemistry,,,,0,,35493420800,35493420800,wikidata,high,https://www.scopus.com/authid/detail.uri?authorId=35493420800
Chemistry,2020,Jennifer A. Doudna Cate,Q56068,award,2.0,Jennifer Doudna,7006285665,0000-0001-9161-999X,,Nobel Prize in Chemistry,,,,0,,7006285665,7006285665,wikidata,high,https://www.scopus.com/authid/detail.uri?authorId=7006285665
Chemistry,2020,Emmanuelle Charpentier,Q17280087,award,2.0,Emmanuelle Charpentier,16169133500,0000-0002-0254-0778,,Nobel Prize in Chemistry,,,,0,,16169133500,16169133500,wikidata,high,https://www.scopus.com/authid/detail.uri?authorId=16169133500
Chemistry,2021,Benjamin List,Q105572,award,2.0,Benjamin List,,0000-0002-9804-599X,,Nobel Prize in Chemistry,A5040055598,orcid,,0,,,,,not searched,
Chemistry,2021,David William Cross MacMillan,Q5237001,award,4.0,David MacMillan,7102854006,0000-0003-3352-4532,,Nobel Prize in Chemistry,,,,0,,7102854006,7102854006,wikidata,high,https://www.scopus.com/authid/detail.uri?authorId=7102854006
Chemistry,2022,Carolyn Ruth Bertozzi,Q7442,award,3.0,Carolyn Bertozzi,,0000-0003-4482-2754,,Nobel Prize in Chemistry,A5088409133,orcid,,0,,,,,not searched,
Chemistry,2022,Karl Barry Sharpless,Q110925,award,3.0,Karl Barry Sharpless,7006064369,0000-0001-6051-1599,,Nobel Prize in Chemistry,,,,0,,7006064369,7006064369,wikidata,high,https://www.scopus.com/authid/detail.uri?authorId=7006064369
Chemistry,2022,Morten P. Meldal,Q6914509,award,2.0,Morten P. Meldal,7006752933,0000-0001-6114-9018,,Nobel Prize in Chemistry,,,,0,,7006752933,7006752933,wikidata,high,https://www.scopus.com/authid/detail.uri?authorId=7006752933
Chemistry,2023,Alexey Ivanovich Ekimov,Q1547368,award,2.833,Alexey Ekimov,7006343350,,,Nobel Prize in Chemistry,,,,0,,7006343350,7006343350,wikidata,high,https://www.scopus.com/authid/detail.uri?authorId=7006343350
Chemistry,2023,Moungi Gabriel Bawendi,Q15433043,award,3.0,Moungi Bawendi,,0000-0003-2220-4365,,Nobel Prize in Chemistry,A5084499211,orcid,,0,,,,,not searched,
Chemistry,2023,Louis E. Brus,Q194646,award,2.0,Louis Brus,7006575230,0000-0002-5337-5776,,Nobel Prize in Chemistry,,,,0,,7006575230,7006575230,wikidata,high,https://www.scopus.com/authid/detail.uri?authorId=7006575230
Chemistry,2024,Demis Hassabis,Q3022141,award,2.0,Demis Hassabis,15839738700,0000-0003-2812-9917,,Nobel Prize in Chemistry,,,,0,,15839738700,15839738700,wikidata,high,https://www.scopus.com/authid/detail.uri?authorId=15839738700
Chemistry,2024,John Michael Jumper,Q89620738,award,3.0,John Michael Jumper,36717725300,0000-0001-6169-6580,,Nobel Prize in Chemistry,,,,0,,36717725300,36717725300,wikidata,high,https://www.scopus.com/authid/detail.uri?authorId=36717725300
Chemistry,2024,David Baker,Q3814528,award,2.0,David Baker,55463548900,0000-0001-7896-6217,,Nobel Prize in Chemistry,,,,0,,55463548900,55463548900,wikidata,high,https://www.scopus.com/authid/detail.uri?authorId=55463548900
Chemistry,2025,Omar M. Yaghi,Q743252,award,2.0,Omar M. Yaghi,7005061054,0000-0002-5611-3325,,Nobel Prize in Chemistry,,,,0,,7005061054,7005061054,wikidata,high,https://www.scopus.com/authid/detail.uri?authorId=7005061054
Chemistry,2025,Richard Robson,Q23073819,award,2.0,Richard Robson,57206293562,0000-0003-1716-6114,A5086734482,Nobel Prize in Chemistry,,,,0,,57206293562,57206293562,wikidata,high,https://www.scopus.com/authid/detail.uri?authorId=57206293562
Chemistry,2025,Susumu Kitagawa,Q11401680,award,2.0,Susumu Kitagawa,,0000-0001-6956-9543,,Nobel Prize in Chemistry,A5075950889,orcid,,0,,,,,not searched,
Economics,2000,Daniel Little McFadden,Q312560,award,3.0,Daniel McFadden,56260191600,0000-0003-3183-7922,,Prize in Economic Sciences in Memory of Alfred Nobel,,,,0,,56260191600,56260191600,wikidata,high,https://www.scopus.com/authid/detail.uri?authorId=56260191600
Economics,2000,James Joseph Heckman,Q312561,award,3.0,James Heckman,,0000-0002-0399-662X,,Prize in Economic Sciences in Memory of Alfred Nobel,A5058726534,orcid,,0,,,,,not searched,
Economics,2001,Joseph Eugene Stiglitz,Q18430,award,2.0,Joseph Stiglitz,7006552253,,,Prize in Economic Sciences in Memory of Alfred Nobel,,,,0,,7006552253,7006552253,wikidata,high,https://www.scopus.com/authid/detail.uri?authorId=7006552253
Economics,2001,Andrew Michael Spence,Q157245,award,3.0,Michael Spence,7103007155,,,Prize in Economic Sciences in Memory of Alfred Nobel,,,,0,,7103007155,7103007155,wikidata,high,https://www.scopus.com/authid/detail.uri?authorId=7103007155
Economics,2001,George Arthur Akerlof,Q222541,award,3.0,George Akerlof,,0000-0003-3049-6038,,Prize in Economic Sciences in Memory of Alfred Nobel,A5081873388,orcid,,0,,,,,not searched,
Economics,2002,Daniel Kahneman,Q233950,award,2.0,Daniel Kahneman,7004331533,,,Prize in Economic Sciences in Memory of Alfred Nobel,,,,0,,7004331533,7004331533,wikidata,high,https://www.scopus.com/authid/detail.uri?authorId=7004331533
Economics,2002,Vernon Lomax Smith,Q295717,award,3.0,Vernon L. Smith,,0000-0002-0890-9740,,Prize in Economic Sciences in Memory of Alfred Nobel,A5103236865,orcid,,0,,,,,not searched,
Economics,2003,Robert F. Engle,Q295653,award,2.0,Robert F. Engle,,,,Prize in Economic Sciences in Memory of Alfred Nobel,A5047040699,name,,0,,,,,not searched,
Economics,2003,Clive William John Granger,Q312575,award,4.0,Clive Granger,35613639000,,,Prize in Economic Sciences in Memory of Alfred Nobel,,,,0,,35613639000,35613639000,wikidata,high,https://www.scopus.com/authid/detail.uri?authorId=35613639000
Economics,2004,Finn Erling Kydland,Q211097,award,3.0,Finn E. Kydland,,,,Prize in Economic Sciences in Memory of Alfred Nobel,A5044158066,name,,0,,,,,not searched,
Economics,2004,Edward Christian Prescott,Q312585,award,3.0,Edward C. Prescott,7005790571,,,Prize in Economic Sciences in Memory of Alfred Nobel,,,,0,,7005790571,7005790571,wikidata,high,https://www.scopus.com/authid/detail.uri?authorId=7005790571
Economics,2005,Thomas Crombie Schelling,Q206460,award,3.0,Thomas Schelling,,,,Prize in Economic Sciences in Memory of Alfred Nobel,A5109910346,name,,0,,,,,not searched,
Economics,2005,Robert John Aumann,Q157235,award,3.0,Robert Aumann,7003563879,0000-0001-7841-3719,,Prize in Economic Sciences in Memory of Alfred Nobel,,,,0,,7003563879,7003563879,wikidata,high,https://www.scopus.com/authid/detail.uri?authorId=7003563879
Economics,2006,Edmund S. Phelps,Q192566,award,2.0,Edmund Phelps,7005985542,0000-0002-9349-9810,,Prize in Economic Sciences in Memory of Alfred Nobel,,,,0,,7005985542,7005985542,wikidata,high,https://www.scopus.com/authid/detail.uri?authorId=7005985542
Economics,2007,Eric Stark Maskin,Q233051,award,3.0,Eric Maskin,,0000-0002-2849-0983,,Prize in Economic Sciences in Memory of Alfred Nobel,A5110532426,name,,0,,,,,not searched,
Economics,2007,Roger Bruce Myerson,Q232949,award,3.0,Roger Myerson,,0000-0003-0254-7184,,Prize in Economic Sciences in Memory of Alfred Nobel,A5065795188,orcid,,0,,,,,not searched,
Economics,2007,Leonid Hurwicz,Q157262,award,2.0,Leonid Hurwicz,,,,Prize in Economic Sciences in Memory of Alfred Nobel,A5014445268,name,,0,,,,,not searched,
Economics,2008,Paul Krugman,Q131112,award,2.0,Paul Krugman,7003846555,,,Prize in Economic Sciences in Memory of Alfred Nobel,,,,0,,7003846555,7003846555,wikidata,high,https://www.scopus.com/authid/detail.uri?authorId=7003846555
Economics,2009,Oliver Eaton Williamson,Q232062,award,3.0,Oliver E. Williamson,7004261204,,,Prize in Economic Sciences in Memory of Alfred Nobel,,,,0,,7004261204,7004261204,wikidata,high,https://www.scopus.com/authid/detail.uri?authorId=7004261204
Economics,2009,Elinor Ostrom,Q153761,award,2.0,Elinor Ostrom,,,,Prize in Economic Sciences in Memory of Alfred Nobel,A5118174360,name,,0,,,,,not searched,
Economics,2010,Peter Arthur Diamond,Q109570,award,3.0,Peter Diamond,,,,Prize in Economic Sciences in Memory of Alfred Nobel,A5003684208,name,,0,,,,,not searched,
Economics,2010,Dale Thomas Mortensen,Q109721,award,3.0,Dale T. Mortensen,,,,Prize in Economic Sciences in Memory of Alfred Nobel,A5013217678,name,,0,,,,,not searched,
Economics,2010,Christopher Antoniou Pissarides,Q109582,award,3.0,Christopher Pissarides,6603439301,0000-0002-0695-058X,,Prize in Economic Sciences in Memory of Alfred Nobel,,,,0,,6603439301,6603439301,wikidata,high,https://www.scopus.com/authid/detail.uri?authorId=6603439301
Economics,2011,Thomas John Sargent,Q107964,award,2.0,Thomas J. Sargent,,0000-0002-5457-0944,,Prize in Economic Sciences in Memory of Alfred Nobel,A5002088217,orcid,,0,,,,,not searched,
Economics,2011,Christopher Albert Sims,Q109737,award,3.0,Christopher A. Sims,,,,Prize in Economic Sciences in Memory of Alfred Nobel,A5003198220,name,,0,,,,,not searched,
Economics,2012,Lloyd Stowell Shapley,Q244739,award,3.0,Lloyd Shapley,,,,Prize in Economic Sciences in Memory of Alfred Nobel,A5016437768,name,,0,,,,,not searched,
Economics,2012,Alvin Eliot Roth,Q28542,award,3.0,Alvin Eliot Roth,,0000-0002-8834-6481,,Prize in Economic Sciences in Memory of Alfred Nobel,A5075977298,orcid,,0,,,,,not searched,
Economics,2013,Lars Peter Hansen,Q1386049,award,3.0,Lars Peter Hansen,,0000-0003-0035-8558,,Prize in Economic Sciences in Memory of Alfred Nobel,A5071003992,orcid,,0,,,,,not searched,
Economics,2013,Robert James Shiller,Q338151,award,3.0,Robert J. Shiller,6701603939,0009-0006-2316-6486,,Prize in Economic Sciences in Memory of Alfred Nobel,,,,0,,6701603939,6701603939,wikidata,high,https://www.scopus.com/authid/detail.uri?authorId=6701603939
Economics,2013,Eugene Francis Fama,Q359317,award,3.0,Eugene Fama,,,,Prize in Economic Sciences in Memory of Alfred Nobel,A5091820687,name,,0,,,,,not searched,
Economics,2014,Jean Tirole,Q173994,award,2.0,Jean Tirole,,,,Prize in Economic Sciences in Memory of Alfred Nobel,A5110429533,name,,0,,,,,not searched,
Economics,2015,Angus Deaton,Q204078,award,2.0,Angus Deaton,,0000-0002-9222-8023,,Prize in Economic Sciences in Memory of Alfred Nobel,A5036192906,orcid,,0,,,,,not searched,
Economics,2016,Oliver Simon D'Arcy Hart,Q432890,award,2.0,Oliver Hart,,,,Prize in Economic Sciences in Memory of Alfred Nobel,A5010150198,name,,0,,,,,not searched,
Economics,2016,Bengt Robert Holmström,Q354897,award,2.0,Bengt Holmström,,,,Prize in Economic Sciences in Memory of Alfred Nobel,A5003462830,name,,0,,,,,not searched,
Economics,2017,Richard H. Thaler,Q371212,award,2.0,Richard Thaler,7003764086,,,Prize in Economic Sciences in Memory of Alfred Nobel,,,,0,,7003764086,7003764086,wikidata,high,https://www.scopus.com/authid/detail.uri?authorId=7003764086
Economics,2018,Paul Michael Romer,Q509262,award,3.0,Paul Michael Romer,6602118284,0000-0003-0673-6732,,Prize in Economic Sciences in Memory of Alfred Nobel,,,,0,,6602118284,6602118284,wikidata,high,https://www.scopus.com/authid/detail.uri?authorId=6602118284
Economics,2018,William Dawbney Nordhaus,Q562481,award,3.0,William Nordhaus,7004576935,0000-0002-7036-0656,,Prize in Economic Sciences in Memory of Alfred Nobel,,,,0,,7004576935,7004576935,wikidata,high,https://www.scopus.com/authid/detail.uri?authorId=7004576935
Economics,2019,Michael Robert Kremer,Q1635006,award,3.0,Michael Kremer,,0000-0001-7914-5269,,Prize in Economic Sciences in Memory of Alfred Nobel,A5035113852,orcid,,0,,,,,not searched,
Economics,2019,Esther Duflo,Q434509,award,2.0,Esther Duflo,6602205596,0000-0001-6105-617X,A5079654468,Prize in Economic Sciences in Memory of Alfred Nobel,,,,0,,6602205596,6602205596,wikidata,high,https://www.scopus.com/authid/detail.uri?authorId=6602205596
Economics,2019,Abhijit Vinayak Banerjee,Q320578,award,3.0,Abhijit Banerjee,7402886108,,,Prize in Economic Sciences in Memory of Alfred Nobel,,,,0,,7402886108,7402886108,wikidata,high,https://www.scopus.com/authid/detail.uri?authorId=7402886108
Economics,2020,Robert Butler Wilson Jr.,Q377265,award,2.0,Robert B. Wilson,55740119700,,,Prize in Economic Sciences in Memory of Alfred Nobel,,,,0,,55740119700,55740119700,wikidata,high,https://www.scopus.com/authid/detail.uri?authorId=55740119700
Economics,2020,Paul Robert Milgrom,Q1359990,award,3.0,Paul Milgrom,,0000-0002-1919-4138,,Prize in Economic Sciences in Memory of Alfred Nobel,A5054280613,orcid,,0,,,,,not searched,
Economics,2021,Guido Wilhelmus Imbens,Q16730042,award,2.0,Guido Imbens,6603956309,0000-0002-4846-7326,A5052726702,Prize in Economic Sciences in Memory of Alfred Nobel,,,,0,,6603956309,6603956309,wikidata,high,https://www.scopus.com/authid/detail.uri?authorId=6603956309
Economics,2021,Joshua David Angrist,Q921499,award,3.0,Joshua Angrist,7004017860,,A5027614993,Prize in Economic Sciences in Memory of Alfred Nobel,,,,0,,7004017860,7004017860,wikidata,high,https://www.scopus.com/authid/detail.uri?authorId=7004017860
Economics,2021,David Edward Card,Q1173928,award,2.0,David Card,7006709011,0000-0001-6914-6698,A5090324651,Prize in Economic Sciences in Memory of Alfred Nobel,,,,0,,7006709011,7006709011,wikidata,high,https://www.scopus.com/authid/detail.uri?authorId=7006709011
Economics,2022,Philip H. Dybvig,Q24565948,award,2.0,Philip H. Dybvig,6602981134,0009-0002-9281-8741,A5022665670,Prize in Economic Sciences in Memory of Alfred Nobel,,,,0,,6602981134,6602981134,wikidata,high,https://www.scopus.com/authid/detail.uri?authorId=6602981134
Economics,2022,Benjamin Shalom Bernanke,Q201795,award,3.0,Ben Bernanke,6603742639,,A5054650430,Prize in Economic Sciences in Memory of Alfred Nobel,,,,0,,6603742639,6603742639,wikidata,high,https://www.scopus.com/authid/detail.uri?authorId=6603742639
Economics,2022,Douglas Warren Diamond,Q185871,award,3.0,Douglas Diamond,7102619783,0000-0002-1625-502X,A5007338517,Prize in Economic Sciences in Memory of Alfred Nobel,,,,0,,7102619783,7102619783,wikidata,high,https://www.scopus.com/authid/detail.uri?authorId=7102619783
Economics,2023,Claudia Goldin,Q1097475,award,2.0,Claudia Goldin,6701799144,0000-0003-3842-1604,A5000387389,Prize in Economic Sciences in Memory of Alfred Nobel,,,,0,,6701799144,6701799144,wikidata,high,https://www.scopus.com/authid/detail.uri?authorId=6701799144
Economics,2024,James Alan Robinson,Q19520018,award,3.0,James A. Robinson,57198433819,0000-0002-8028-0393,,Prize in Economic Sciences in Memory of Alfred Nobel,,,,0,,57198433819,57198433819,wikidata,high,https://www.scopus.com/authid/detail.uri?authorId=57198433819
Economics,2024,Kamer Daron Acemoğlu,Q718581,award,3.0,Daron Acemoğlu,7003483273,,A5012301204,Prize in Economic Sciences in Memory of Alfred Nobel,,,,0,,7003483273,7003483273,wikidata,high,https://www.scopus.com/authid/detail.uri?authorId=7003483273
Economics,2024,Simon H. Johnson,Q1461050,award,2.0,Simon Johnson,7406326915,,,Prize in Economic Sciences in Memory of Alfred Nobel,,,,0,,7406326915,7406326915,wikidata,high,https://www.scopus.com/authid/detail.uri?authorId=7406326915
Economics,2025,Peter Wilkinson Howitt,Q7174757,award,2.0,Peter Howitt,6603162711,,,Prize in Economic Sciences in Memory of Alfred Nobel,,,,0,,6603162711,6603162711,wikidata,high,https://www.scopus.com/authid/detail.uri?authorId=6603162711
Economics,2025,Joel Mokyr,Q2899100,award,2.0,Joel Mokyr,6602905204,0009-0003-1429-6578,,Prize in Economic Sciences in Memory of Alfred Nobel,,,,0,,6602905204,6602905204,wikidata,high,https://www.scopus.com/authid/detail.uri?authorId=6602905204
Economics,2025,Philippe Mario Aghion,Q376364,award,2.0,Philippe Aghion,7004203407,0000-0002-9019-1677,,Prize in Economic Sciences in Memory of Alfred Nobel,,,,0,,7004203407,7004203407,wikidata,high,https://www.scopus.com/authid/detail.uri?authorId=7004203407
