category,award_year,name
Physiology or Medicine,2000,Arvid Carlsson
Physiology or Medicine,2000,Paul Greengard
Physiology or Medicine,2000,Eric Richard Kandel
Physiology or Medicine,2001,Leland Harrison Lee Hartwell
Physiology or Medicine,2001,Paul Maxime Nurse
Physiology or Medicine,2001,Richard Timothy Hunt
Physiology or Medicine,2002,John Edward Sulston
Physiology or Medicine,2002,Howard Robert Horvitz
Physiology or Medicine,2002,Sydney Brenner
Physiology or Medicine,2003,Peter Mansfield
Physiology or Medicine,2003,Paul Christian Lauterbur
Physiology or Medicine,2004,Linda Brown Buck
Physiology or Medicine,2004,Richard Axel
Physiology or Medicine,2005,John Robin Warren
Physiology or Medicine,2005,Barry James Marshall
Physiology or Medicine,2006,Craig Cameron Mello
Physiology or Medicine,2006,Andrew Zachary Fire
Physiology or Medicine,2007,Mario Ramberg Capecchi
Physiology or Medicine,2007,Oliver Smithies
Physiology or Medicine,2007,Martin John Evans
Physiology or Medicine,2008,Françoise Barré-Sinoussi
Physiology or Medicine,2008,Harald zur Hausen
Physiology or Medicine,2008,Luc Montagnier
Physiology or Medicine,2009,Jack William Szostak
Physiology or Medicine,2009,Carol Greider
Physiology or Medicine,2009,Elizabeth Helen Blackburn
Physiology or Medicine,2010,Robert Geoffrey Edwards
Physiology or Medicine,2011,Jules Alphonse Hoffmann
Physiology or Medicine,2011,Bruce Beutler
Physiology or Medicine,2011,Ralph Marvin Steinman
Physiology or Medicine,2012,Shinya Yamanaka
Physiology or Medicine,2012,John Bertrand Gurdon
Physiology or Medicine,2013,Randy Wayne Schekman
Physiology or Medicine,2013,Thomas Christian Südhof
Physiology or Medicine,2013,James Edward Rothman
Physiology or Medicine,2014,Edvard Moser
Physiology or Medicine,2014,John O'Keefe
Physiology or Medicine,2014,May-Britt Moser
Physiology or Medicine,2015,William Cecil Campbell
Physiology or Medicine,2015,Tu Youyou
Physiology or Medicine,2015,Satoshi Ōmura
Physiology or Medicine,2016,Yoshinori Ohsumi
Physiology or Medicine,2017,Michael Warren Young
Physiology or Medicine,2017,Jeffrey Connor Hall
Physiology or Medicine,2017,Michael Morris Rosbash
Physiology or Medicine,2018,James Patrick Allison
Physiology or Medicine,2018,Tasuku Honjo
Physiology or Medicine,2019,William George Kaelin Jr.
Physiology or Medicine,2019,Peter John Ratcliffe
Physiology or Medicine,2019,Gregg Leonard Semenza
Physiology or Medicine,2020,Michael Houghton
Physiology or Medicine,2020,Harvey James Alter
Physiology or Medicine,2020,Charles Moen Rice
Physiology or Medicine,2021,Ardem Patapoutian
Physiology or Medicine,2021,David Jay Julius
Physiology or Medicine,2022,Svante Pääbo
Physiology or Medicine,2023,Drew Weissman
Physiology or Medicine,2023,Katalin Karikó
Physiology or Medicine,2024,Victor R. Ambros
Physiology or Medicine,2024,Gary Bruce Ruvkun
Physiology or Medicine,2025,Mary Elizabeth Brunkow
Physiology or Medicine,2025,Frederick J. Ramsdell
Physiology or Medicine,2025,Shimon Sakaguchi
Physics,2000,Jores Ivanovitch Alfiorov
Physics,2000,Herbert Kroemer
Physics,2000,Jack St. Claire Kilby
Physics,2001,Carl Wieman
Physics,2001,Eric Allin Cornell
Physics,2001,Wolfgang Ketterle
Physics,2002,Masatoshi Koshiba
Physics,2002,Raymond Davis Jr.
Physics,2002,Riccardo Giacconi
Physics,2003,Vitali Lazarevitch Ginzburg
Physics,2003,Aleksei Aleksêievitch Abrikóssov
Physics,2003,Anthony James Leggett
Physics,2004,Frank Wilczek
Physics,2004,David Jonathan Gross
Physics,2004,Hugh David Politzer
Physics,2005,Roy Jay Glauber
Physics,2005,John Lewis Hall
Physics,2005,Theodor Wolfgang Hänsch
Physics,2006,George Fitzgerald Smoot III
Physics,2006,John Cromwell Mather
Physics,2007,Peter Andreas Grünberg
Physics,2007,Albert Fert
Physics,2008,Yōichirō Nambu
Physics,2008,Makoto Kobayashi
Physics,2008,Toshihide Masukawa
Physics,2009,George Elwood Smith
Physics,2009,Charles Kuen Kao
Physics,2009,Willard Sterling Boyle
Physics,2010,Andre Geim
Physics,2010,Konstantin Serguêievitch Novosselov
Physics,2011,Adam Guy Riess
Physics,2011,Saul Perlmutter
Physics,2011,Brian P. Schmidt
Physics,2012,David Jeffrey Wineland
Physics,2012,Serge Haroche
Physics,2013,Peter Ware Higgs
Physics,2013,François Englert
Physics,2014,Shuji Nakamura
Physics,2014,Isamu Akasaki
Physics,2014,Hiroshi Amano
Physics,2015,Arthur Bruce McDonald
Physics,2015,Takaaki Kajita
Physics,2016,John Michael Kosterlitz
Physics,2016,David James Thouless
Physics,2016,Frederick Duncan Michael Haldane
Physics,2017,Kip Thorne
Physics,2017,Barry Clark Barish
Physics,2017,Rainer Weiss
Physics,2018,Gérard Albert Mourou
Physics,2018,Donna Theo Strickland
Physics,2018,Arthur Ashkin
Physics,2019,Phillip James Edwin Peebles
Physics,2019,Didier Patrick Queloz
Physics,2019,Michel Gustave Édouard Mayor
Physics,2020,Andrea Mia Ghez
Physics,2020,Reinhard Genzel
Physics,2020,Roger Penrose
Physics,2021,Klaus Hasselmann
Physics,2021,Syukuro Manabe
Physics,2021,Giorgio Parisi
Physics,2022,Alain Aspect
Physics,2022,John Francis Clauser
Physics,2022,Anton Zeilinger
Physics,2023,Pierre Agostini
Physics,2023,Anne L'Huillier
Physics,2023,Ferenc Krausz
Physics,2024,Geoffrey Everest Hinton
Physics,2024,John Joseph Hopfield
Physics,2025,Michel Henri Devoret
Physics,2025,John Clarke
Physics,2025,John Matthew Martinis
Chemistry,2000,Alan Graham MacDiarmid
Chemistry,2000,Hideki Shirakawa
Chemistry,2000,Alan Jay Heeger
Chemistry,2001,Karl Barry Sharpless
Chemistry,2001,Ryōji Noyori
Chemistry,2001,William Standish Knowles
Chemistry,2002,Kōichi Tanaka
Chemistry,2002,Kurt Wüthrich
Chemistry,2002,John Bennett Fenn
Chemistry,2003,Peter Agre
Chemistry,2003,Roderick MacKinnon
Chemistry,2004,Aaron Ciechanover
Chemistry,2004,Avram Hershko
Chemistry,2004,Irwin Allan Rose
Chemistry,2005,Richard Royce Schrock
Chemistry,2005,Yves Chauvin
Chemistry,2005,Robert Howard Grubbs
Chemistry,2006,Roger D. Kornberg
Chemistry,2007,Gerhard Ertl
Chemistry,2008,Osamu Shimomura
Chemistry,2008,Martin Chalfie
Chemistry,2008,Roger Yonchien Tsien
Chemistry,2009,Ada E. Yonath
Chemistry,2009,Venkatraman Ramakrishnan
Chemistry,2009,Thomas A. Steitz
Chemistry,2010,Richard Fred Heck
Chemistry,2010,Ei'ichi Negishi
Chemistry,2010,Akira Suzuki
Chemistry,2011,Dan Shechtman
Chemistry,2012,Brian Kent Kobilka
Chemistry,2012,Robert J. Lefkowitz
Chemistry,2013,Arieh Warshel
Chemistry,2013,Martin Karplus
Chemistry,2013,Michael Levitt
Chemistry,2014,William Esco Moerner
Chemistry,2014,Stefan W. Hell
Chemistry,2014,Eric Betzig
Chemistry,2015,Paul Lawrence Modrich
Chemistry,2015,Aziz Sancar
Chemistry,2015,Tomas Robert Lindahl
Chemistry,2016,James Fraser Stoddart
Chemistry,2016,Bernard Lucas Feringa
Chemistry,2016,Jean-Pierre Sauvage
Chemistry,2017,Joachim Frank
Chemistry,2017,Jacques Dubochet
Chemistry,2017,Richard Henderson
Chemistry,2018,George Pieczenik Smith
Chemistry,2018,Gregory Paul Winter
Chemistry,2018,Frances Hamilton Arnold
Chemistry,2019,Akira Yoshino
Chemistry,2019,Michael Stanley Whittingham
Chemistry,2019,John Bannister Goodenough
Chemistry,2020,Jennifer A. Doudna Cate
Chemistry,2020,Emmanuelle Charpentier
Chemistry,2021,Benjamin List
Chemistry,2021,David William Cross MacMillan
Chemistry,2022,Carolyn Ruth Bertozzi
Chemistry,2022,Karl Barry Sharpless
Chemistry,2022,Morten P. Meldal
Chemistry,2023,Alexey Ivanovich Ekimov
Chemistry,2023,Moungi Gabriel Bawendi
Chemistry,2023,Louis E. Brus
Chemistry,2024,Demis Hassabis
Chemistry,2024,John Michael Jumper
Chemistry,2024,David Baker
Chemistry,2025,Omar M. Yaghi
Chemistry,2025,Richard Robson
Chemistry,2025,Susumu Kitagawa
Economics,2000,Daniel Little McFadden
Economics,2000,James Joseph Heckman
Economics,2001,Joseph Eugene Stiglitz
Economics,2001,Andrew Michael Spence
Economics,2001,George Arthur Akerlof
Economics,2002,Daniel Kahneman
Economics,2002,Vernon Lomax Smith
Economics,2003,Robert F. Engle
Economics,2003,Clive William John Granger
Economics,2004,Finn Erling Kydland
Economics,2004,Edward Christian Prescott
Economics,2005,Thomas Crombie Schelling
Economics,2005,Robert John Aumann
Economics,2006,Edmund S. Phelps
Economics,2007,Eric Stark Maskin
Economics,2007,Roger Bruce Myerson
Economics,2007,Leonid Hurwicz
Economics,2008,Paul Krugman
Economics,2009,Oliver Eaton Williamson
Economics,2009,Elinor Ostrom
Economics,2010,Peter Arthur Diamond
Economics,2010,Dale Thomas Mortensen
Economics,2010,Christopher Antoniou Pissarides
Economics,2011,Thomas John Sargent
Economics,2011,Christopher Albert Sims
Economics,2012,Lloyd Stowell Shapley
Economics,2012,Alvin Eliot Roth
Economics,2013,Lars Peter Hansen
Economics,2013,Robert James Shiller
Economics,2013,Eugene Francis Fama
Economics,2014,Jean Tirole
Economics,2015,Angus Deaton
Economics,2016,Oliver Simon D'Arcy Hart
Economics,2016,Bengt Robert Holmström
Economics,2017,Richard H. Thaler
Economics,2018,Paul Michael Romer
Economics,2018,William Dawbney Nordhaus
Economics,2019,Michael Robert Kremer
Economics,2019,Esther Duflo
Economics,2019,Abhijit Vinayak Banerjee
Economics,2020,Robert Butler Wilson Jr.
Economics,2020,Paul Robert Milgrom
Economics,2021,Guido Wilhelmus Imbens
Economics,2021,Joshua David Angrist
Economics,2021,David Edward Card
Economics,2022,Philip H. Dybvig
Economics,2022,Benjamin Shalom Bernanke
Economics,2022,Douglas Warren Diamond
Economics,2023,Claudia Goldin
Economics,2024,James Alan Robinson
Economics,2024,Kamer Daron Acemoğlu
Economics,2024,Simon H. Johnson
Economics,2025,Peter Wilkinson Howitt
Economics,2025,Joel Mokyr
Economics,2025,Philippe Mario Aghion
